<Prefab>
  <Constants>
    <Constant Name="Large.Width" Value="250" />
    <Constant Name="Large.Height" Value="54" />

    <Constant Name="Medium.Width" Value="210" />
    <Constant Name="Medium.Height" Value="45" />

    <Constant Name="Small.Width" Value="160" />
    <Constant Name="Small.Height" Value="34" />

    <Constant Name="MapEvent.Visual.Width" Value="80" />
    <Constant Name="MapEvent.Visual.Height" Value="59" />

    <Constant Name="Small.BannerWidth" Value="!Small.Height" />
    <Constant Name="Small.BannerHeight" MultiplyResult="1.3333" Value="!Small.BannerWidth" />
    <Constant Name="Small.TrackerWidthHeight" Additive="-12" Value="!Small.Height" />
    <Constant Name="Small.TrackerTextMargin" Additive="10" Value="!Small.TrackerWidthHeight" />

    <Constant Name="Medium.BannerWidth" Value="!Medium.Height" />
    <Constant Name="Medium.BannerHeight" MultiplyResult="1.3333" Value="!Medium.BannerWidth"/>

    <Constant Name="Medium.TrackerWidthHeight" Additive="-20" Value="!Medium.Height" />
    <Constant Name="Medium.TrackerTextMargin" Additive="10" Value="!Medium.TrackerWidthHeight" />

    <Constant Name="Large.BannerWidth" Value="!Large.Height" />
    <Constant Name="Large.BannerHeight"  MultiplyResult="1.33333" Value="!Large.BannerWidth" />
    <Constant Name="Large.TrackerWidthHeight" Additive="-26" Value="!Large.Height" />
    <Constant Name="Large.TrackerTextMargin" Additive="14" Value="!Large.TrackerWidthHeight" />

  </Constants>
  <Window>
    <SettlementNameplateWidget WidthSizePolicy="CoverChildren" HeightSizePolicy="CoverChildren" BigNameplateWidget="BigSizeNameplateWidget" IsInRange="@IsInRange" IsInsideWindow="@IsInside" IsTracked="@IsTracked" IsVisibleOnMap="@IsVisibleOnMap" LayoutImp.LayoutMethod="VerticalBottomToTop" NameplateType="@SettlementType" NormalNameplateWidget="NormalSizeNameplateWidget" NotificationListPanel="NotificationListPanel" Position="@Position" RelationType="@Relation" SmallNameplateWidget="SmallSizeNameplateWidget" WSign="@WSign" IsTargetedByTutorial="@IsTargetedByTutorial">
      <!--Brush="TutorialHighlightBrush"-->
      <Children>

        <ListPanel Id="NotificationListPanel" DataSource="{SettlementNotifications\Notifications}" WidthSizePolicy="CoverChildren" HeightSizePolicy="CoverChildren" MarginBottom="8" LayoutImp.LayoutMethod="VerticalBottomToTop">
          <ItemTemplate>
            <NotificationItemWidget WidthSizePolicy="Fixed" HeightSizePolicy="CoverChildren" SuggestedWidth="50" VerticalAlignment="Center" Command.OnRemove="ExecuteRemove" FadeTime="0.4" RelationType="@RelationType" RelationVisualWidget="NotificationBaseWidget\RelationVisualWidget" StayAmount="3">
              <Children>
                <ListPanel Id="NotificationBaseWidget" WidthSizePolicy="CoverChildren" HeightSizePolicy="CoverChildren" SuggestedWidth="234" VerticalAlignment="Center" Sprite="Nameplates\Notification\base" AlphaFactor="0.6">
                  <Children>
                    <Widget Id="RelationVisualWidget" WidthSizePolicy="Fixed" HeightSizePolicy="Fixed" SuggestedWidth="3" SuggestedHeight="26" VerticalAlignment="Center" Sprite="Nameplates\Notification\relation_status"/>
                    <Widget WidthSizePolicy="Fixed" HeightSizePolicy="Fixed" SuggestedWidth="30" SuggestedHeight="26" VerticalAlignment="Center" MarginLeft="4" Sprite="Nameplates\Notification\avatar">
                      <Children>
                        <ImageIdentifierWidget DataSource="{CharacterVisual}" WidthSizePolicy="Fixed" HeightSizePolicy="Fixed" SuggestedWidth="36" SuggestedHeight="26" HorizontalAlignment="Center" VerticalAlignment="Center" AdditionalArgs="@AdditionalArgs" ImageId="@Id" ImageTypeCode="@ImageTypeCode" />
                      </Children>
                    </Widget>
                    <RichTextWidget WidthSizePolicy="CoverChildren" HeightSizePolicy="CoverChildren" VerticalAlignment="Center" MarginLeft="9" Brush="Settlement.Notification.Name.Text" Text="@CharacterName" />
                    <RichTextWidget WidthSizePolicy="CoverChildren" HeightSizePolicy="CoverChildren" VerticalAlignment="Center" MarginLeft="4" Brush="Settlement.Notification.Value.Text" Text="@Text" MarginRight="20"/>
                  </Children>
                </ListPanel>
              </Children>
            </NotificationItemWidget>
          </ItemTemplate>
        </ListPanel>

        <!--Big Size Nameplate-->
        <SettlementNameplateItemWidget Id="BigSizeNameplateWidget" WidthSizePolicy="CoverChildren" HeightSizePolicy="Fixed" SuggestedWidth="!Large.Width" SuggestedHeight="!Large.Height" Sprite="enemy_town_9" IsVisible="false" SettlementBannerWidget="SettlementNameplateCapsuleWidget\SettlementBannerWidget" SettlementNameplateCapsuleWidget="SettlementNameplateCapsuleWidget" SettlementNameplateInspectedWidget="SettlementNameplateCapsuleWidget\InspectedWidget" SettlementNameTextWidget="SettlementNameplateCapsuleWidget\SettlementNameTextWidget" SettlementPartiesGridWidget="PartiesInSettlementGridWidget" WidgetToShow="SettlementNameplateCapsuleWidget\TrackButton" SettlementNameplateQuestWidget="SettlementNameplateCapsuleWidget\QuestTypeWidget" SettlementNameplateIssueWidget="SettlementNameplateCapsuleWidget\IssueTypeWidget" IssueType="@IssueType" QuestType="@MainQuestType" MapEventVisualWidget="MapEventVisualWidget">
          <Children>

            <ButtonWidget Id="SettlementNameplateCapsuleWidget" WidthSizePolicy="CoverChildren" HeightSizePolicy="Fixed" SuggestedWidth="!Large.Width" SuggestedHeight="!Large.Height" VerticalAlignment="Bottom" Command.AlternateClick="ExecuteOpenEncyclopedia" Command.Click="ExecuteSetCameraPosition">
              <Children>

                <BrushWidget Id="QuestTypeWidget" WidthSizePolicy="Fixed" HeightSizePolicy="Fixed" SuggestedHeight="41" SuggestedWidth="25" Brush="NameMarker.QuestBrush" VerticalAlignment="Center" PositionXOffset="-66"/>
                <BrushWidget Id="IssueTypeWidget" WidthSizePolicy="Fixed" HeightSizePolicy="Fixed" SuggestedHeight="41" SuggestedWidth="25" Brush="NameMarker.IssueBrush" VerticalAlignment="Center" PositionXOffset="-46"/>

                <!--Inspected Range Dot-->
                <Widget Id="InspectedWidget" WidthSizePolicy="Fixed" HeightSizePolicy="Fixed" SuggestedWidth="26" SuggestedHeight="20" VerticalAlignment="Center" PositionXOffset="-26" Sprite="Nameplates\nameplate_vision" AlphaFactor="0.5" Color="#DDCDB3FF" IsEnabled="false" />


                <RichTextWidget Id="SettlementNameTextWidget" WidthSizePolicy="CoverChildren" MinWidth="120" HeightSizePolicy="StretchToParent" MarginLeft="71" MarginRight="!Large.TrackerTextMargin" MarginBottom="9" Brush="GameMenu.Text" Brush.FontSize="30" Brush.TextHorizontalAlignment="Left" Brush.TextVerticalAlignment="Center" IsDisabled="true" Text="@Name"/>

                <MaskedTextureWidget Id="SettlementBannerWidget" DataSource="{Banner}" WidthSizePolicy="Fixed" HeightSizePolicy="Fixed" SuggestedWidth="!Large.BannerWidth" SuggestedHeight="!Large.BannerHeight" HorizontalAlignment="Left" VerticalAlignment="Center" MarginLeft="9" Brush="Nameplate.FlatBanner.Big" AdditionalArgs="@AdditionalArgs" ImageId="@Id" ImageTypeCode="@ImageTypeCode" IsDisabled="true" OverlayTextureScale="2.1" PositionYOffset="9" />

                <ButtonWidget Id="TrackButton" WidthSizePolicy="Fixed" HeightSizePolicy="Fixed" SuggestedWidth="!Large.TrackerWidthHeight" SuggestedHeight="!Large.TrackerWidthHeight" HorizontalAlignment="Right" VerticalAlignment="Center" MarginRight="10" Sprite="Nameplates\hover_ring" Command.Click="ExecuteTrack">
                  <Children>
                    <TutorialHighlightItemWidget WidthSizePolicy="StretchToParent" HeightSizePolicy="StretchToParent" Brush="TutorialHighlightBrush" IsEnabled="false" IsHighlightEnabled="@IsTrackerHighlightEnabled" IsVisible="false" />
                  </Children>
                </ButtonWidget>

                <Widget WidthSizePolicy="Fixed" HeightSizePolicy="Fixed" SuggestedWidth="!Large.TrackerWidthHeight" SuggestedHeight="!Large.TrackerWidthHeight" HorizontalAlignment="Right" VerticalAlignment="Center" MarginRight="10" Sprite="Nameplates\tracked_ring" ColorFactor="10" IsDisabled="true" IsVisible="@IsTracked" />

              </Children>
            </ButtonWidget>

            <!--Map Event Visual-->
            <MapEventVisualWidget Id="MapEventVisualWidget" WidthSizePolicy="Fixed" HeightSizePolicy="Fixed" SuggestedWidth="!MapEvent.Visual.Width" SuggestedHeight="!MapEvent.Visual.Height" HorizontalAlignment="Center" VerticalAlignment="Top" PositionYOffset="-106" Brush="MapEvent.Visual.Brush" MapEventType="@MapEventVisualType" IsEnabled="false"/>

			  <!-- SettlementIcons Begin -->
			  <GridWidget Id="NotificationsGridWidget" DataSource="{Notifications}" WidthSizePolicy="CoverChildren" HeightSizePolicy="Fixed" SuggestedHeight="50" PositionXOffset="65" PositionYOffset="-13" DefaultCellWidth="20" DefaultCellHeight="20" ColumnCount="7" LayoutImp="GridLayout">
				  <ItemTemplate>
					  <Widget WidthSizePolicy="Fixed" HeightSizePolicy="Fixed" SuggestedWidth="20" SuggestedHeight="20" HorizontalAlignment="Center">
						  <Children>
							  <Widget WidthSizePolicy="StretchToParent" HeightSizePolicy="StretchToParent" IsHidden="true" IsVisible="@IsTournamentAvailable">
								  <Children>
									  <Widget WidthSizePolicy="Fixed" HeightSizePolicy="Fixed" SuggestedWidth="20" SuggestedHeight="15" HorizontalAlignment="Center" VerticalAlignment="Center" Sprite="Mission\PersonalKillfeed\bracelet_icon_shadow" />
								  </Children>
							  </Widget>

							  <Widget WidthSizePolicy="StretchToParent" HeightSizePolicy="StretchToParent" IsHidden="true" IsVisible="@IsPossibleNobleTroops">
								  <Children>
									  <Widget WidthSizePolicy="Fixed" HeightSizePolicy="Fixed" SuggestedWidth="20" SuggestedHeight="20" HorizontalAlignment="Center" VerticalAlignment="Center" Sprite="SPScoreboard\leader_crown_icon" />
								  </Children>
							  </Widget>

							  <Widget WidthSizePolicy="StretchToParent" HeightSizePolicy="StretchToParent" IsHidden="true" IsVisible="@IsQuestAvailable">
								  <Children>
									  <Widget WidthSizePolicy="Fixed" HeightSizePolicy="Fixed" SuggestedWidth="20" SuggestedHeight="15" HorizontalAlignment="Center" VerticalAlignment="Center" Sprite="Icons\icon_issue_available_square" />
								  </Children>
							  </Widget>
						  </Children>
					  </Widget>
				  </ItemTemplate>
			  </GridWidget>
			  <!-- SettlementIcons End -->

			  <GridWidget Id="PartiesInSettlementGridWidget" DataSource="{SettlementParties\PartiesInSettlement}" WidthSizePolicy="CoverChildren" HeightSizePolicy="Fixed" SuggestedHeight="50" PositionXOffset="65" PositionYOffset="48" DefaultCellWidth="30" DefaultCellHeight="30" ColumnCount="6" LayoutImp="GridLayout">
              <ItemTemplate>
                <Widget WidthSizePolicy="Fixed" HeightSizePolicy="Fixed" SuggestedWidth="26" SuggestedHeight="26" HorizontalAlignment="Center" Sprite="StdAssets\rectangle_card">
                  <Children>
                    <Widget WidthSizePolicy="StretchToParent" HeightSizePolicy="StretchToParent" IsHidden="true" IsVisible="@IsDefault">
                      <Children>
                        <Widget WidthSizePolicy="Fixed" HeightSizePolicy="Fixed" SuggestedWidth="21.6" SuggestedHeight="18.22" HorizontalAlignment="Center" VerticalAlignment="Center" Sprite="Icons\Militia" />
                      </Children>
                    </Widget>

                    <Widget WidthSizePolicy="StretchToParent" HeightSizePolicy="StretchToParent" IsHidden="true" IsVisible="@IsCaravan">
                      <Children>
                        <Widget WidthSizePolicy="Fixed" HeightSizePolicy="Fixed" SuggestedWidth="21.6" SuggestedHeight="21.6" HorizontalAlignment="Center" VerticalAlignment="Center" Sprite="Icons\Coin@2x" />
                      </Children>
                    </Widget>

                    <Widget WidthSizePolicy="StretchToParent" HeightSizePolicy="StretchToParent" IsHidden="true" IsVisible="@IsLord">
                      <Children>
                        <MaskedTextureWidget DataSource="{Visual}" WidthSizePolicy="Fixed" HeightSizePolicy="Fixed" SuggestedWidth="21" SuggestedHeight="16" HorizontalAlignment="Center" VerticalAlignment="Center" Brush="Settlement.Party.Banner" AdditionalArgs="@AdditionalArgs" ImageId="@Id" ImageTypeCode="@ImageTypeCode" OverlayTextureScale="3" />
                      </Children>
                    </Widget>
                  </Children>
                </Widget>
              </ItemTemplate>
            </GridWidget>


          </Children>
        </SettlementNameplateItemWidget>

        <!--Normal Size Nameplate-->
        <SettlementNameplateItemWidget Id="NormalSizeNameplateWidget" WidthSizePolicy="CoverChildren" HeightSizePolicy="Fixed" SuggestedHeight="!Medium.Height" Sprite="enemy_castle_9" SettlementBannerWidget="SettlementNameplateCapsuleWidget\SettlementBannerWidget" SettlementNameplateCapsuleWidget="SettlementNameplateCapsuleWidget" SettlementNameplateInspectedWidget="SettlementNameplateCapsuleWidget\InspectedWidget" SettlementNameTextWidget="SettlementNameplateCapsuleWidget\SettlementNameTextWidget" SettlementPartiesGridWidget="PartiesInSettlementGridWidget" WidgetToShow="SettlementNameplateCapsuleWidget\TrackButton" SettlementNameplateQuestWidget="SettlementNameplateCapsuleWidget\QuestTypeWidget" SettlementNameplateIssueWidget="SettlementNameplateCapsuleWidget\IssueTypeWidget" IssueType="@IssueType" QuestType="@MainQuestType" MapEventVisualWidget="MapEventVisualWidget">
          <Children>

            <ButtonWidget Id="SettlementNameplateCapsuleWidget" WidthSizePolicy="CoverChildren" HeightSizePolicy="Fixed" SuggestedHeight="!Medium.Height" Command.AlternateClick="ExecuteOpenEncyclopedia" Command.Click="ExecuteSetCameraPosition">
              <Children>

                <BrushWidget Id="QuestTypeWidget" WidthSizePolicy="Fixed" HeightSizePolicy="Fixed" SuggestedHeight="41" SuggestedWidth="25" Brush="NameMarker.QuestBrush" VerticalAlignment="Center" PositionXOffset="-66"/>
                <BrushWidget Id="IssueTypeWidget" WidthSizePolicy="Fixed" HeightSizePolicy="Fixed" SuggestedHeight="41" SuggestedWidth="25" Brush="NameMarker.IssueBrush" VerticalAlignment="Center" PositionXOffset="-46"/>

                <!--Inspected Range Dot-->
                <Widget Id="InspectedWidget" WidthSizePolicy="Fixed" HeightSizePolicy="Fixed" SuggestedWidth="26" SuggestedHeight="20" VerticalAlignment="Center" PositionXOffset="-26" Sprite="Nameplates\nameplate_vision" AlphaFactor="0.5" Color="#DDCDB3FF" IsEnabled="false" />

                <RichTextWidget Id="SettlementNameTextWidget" WidthSizePolicy="CoverChildren" HeightSizePolicy="StretchToParent" MarginLeft="59" MarginRight="!Medium.TrackerTextMargin" MarginBottom="6" Brush="GameMenu.Text" Brush.FontSize="20" Brush.TextHorizontalAlignment="Left" IsDisabled="true" Text="@Name" MinWidth="119"/>

                <MaskedTextureWidget Id="SettlementBannerWidget" DataSource="{Banner}" WidthSizePolicy="Fixed" HeightSizePolicy="Fixed" SuggestedWidth="!Medium.BannerWidth" SuggestedHeight="!Medium.BannerHeight" HorizontalAlignment="Left" VerticalAlignment="Center" MarginLeft="8" Brush="Nameplate.FlatBanner.Normal" AdditionalArgs="@AdditionalArgs" ImageId="@Id" ImageTypeCode="@ImageTypeCode" IsDisabled="true" OverlayTextureScale="2.1" PositionYOffset="6"/>

                <ButtonWidget Id="TrackButton" WidthSizePolicy="Fixed" HeightSizePolicy="Fixed" SuggestedWidth="!Medium.TrackerWidthHeight" SuggestedHeight="!Medium.TrackerWidthHeight" HorizontalAlignment="Right" VerticalAlignment="Center" MarginRight="8" Sprite="Nameplates\hover_ring" Command.Click="ExecuteTrack">
                  <Children>
                    <TutorialHighlightItemWidget WidthSizePolicy="StretchToParent" HeightSizePolicy="StretchToParent" Brush="TutorialHighlightBrush" IsEnabled="false" IsHighlightEnabled="@IsTrackerHighlightEnabled" IsVisible="false" />
                  </Children>
                </ButtonWidget>

                <Widget WidthSizePolicy="Fixed" HeightSizePolicy="Fixed" SuggestedWidth="!Medium.TrackerWidthHeight" SuggestedHeight="!Medium.TrackerWidthHeight" HorizontalAlignment="Right" VerticalAlignment="Center" MarginRight="8" Sprite="Nameplates\tracked_ring" ColorFactor="10" IsDisabled="true" IsVisible="@IsTracked" />

              </Children>
            </ButtonWidget>

            <!--Map Event Visual-->
            <MapEventVisualWidget Id="MapEventVisualWidget" WidthSizePolicy="Fixed" HeightSizePolicy="Fixed" SuggestedWidth="!MapEvent.Visual.Width" SuggestedHeight="!MapEvent.Visual.Height" HorizontalAlignment="Center" VerticalAlignment="Top" PositionYOffset="-106" Brush="MapEvent.Visual.Brush" MapEventType="@MapEventVisualType" IsEnabled="false"/>

            <GridWidget Id="PartiesInSettlementGridWidget" DataSource="{SettlementParties\PartiesInSettlement}" WidthSizePolicy="CoverChildren" HeightSizePolicy="Fixed" SuggestedHeight="50" PositionXOffset="54" PositionYOffset="40" DefaultCellWidth="36" DefaultCellHeight="32" ColumnCount="5" LayoutImp="GridLayout">
              <ItemTemplate>
                <Widget WidthSizePolicy="Fixed" HeightSizePolicy="Fixed" SuggestedWidth="26" SuggestedHeight="26" HorizontalAlignment="Center" Sprite="StdAssets\rectangle_card">
                  <Children>
                    <Widget WidthSizePolicy="StretchToParent" HeightSizePolicy="StretchToParent" IsHidden="true" IsVisible="@IsDefault">
                      <Children>
                        <Widget WidthSizePolicy="Fixed" HeightSizePolicy="Fixed" SuggestedWidth="21.6" SuggestedHeight="18.22" HorizontalAlignment="Center" VerticalAlignment="Center" Sprite="Icons\Militia" />
                      </Children>
                    </Widget>

                    <Widget WidthSizePolicy="StretchToParent" HeightSizePolicy="StretchToParent" IsHidden="true" IsVisible="@IsCaravan">
                      <Children>
                        <Widget WidthSizePolicy="Fixed" HeightSizePolicy="Fixed" SuggestedWidth="21.6" SuggestedHeight="21.6" HorizontalAlignment="Center" VerticalAlignment="Center" Sprite="Icons\Coin@2x" />
                      </Children>
                    </Widget>

                    <Widget WidthSizePolicy="StretchToParent" HeightSizePolicy="StretchToParent" IsHidden="true" IsVisible="@IsLord">
                      <Children>
                        <MaskedTextureWidget DataSource="{Visual}" WidthSizePolicy="Fixed" HeightSizePolicy="Fixed" SuggestedWidth="21" SuggestedHeight="16" HorizontalAlignment="Center" VerticalAlignment="Center" Brush="Settlement.Party.Banner" AdditionalArgs="@AdditionalArgs" ImageId="@Id" ImageTypeCode="@ImageTypeCode" OverlayTextureScale="3" />
                      </Children>
                    </Widget>
                  </Children>
                </Widget>
              </ItemTemplate>
            </GridWidget>

          </Children>
        </SettlementNameplateItemWidget>

        <!--Small Size Nameplate-->
        <SettlementNameplateItemWidget Id="SmallSizeNameplateWidget" WidthSizePolicy="CoverChildren" HeightSizePolicy="Fixed" SuggestedWidth="!Small.Width" SuggestedHeight="!Small.Height" Sprite="enemy_village_9" IsVisible="false" SettlementBannerWidget="SettlementNameplateCapsuleWidget\SettlementBannerWidget" SettlementNameplateCapsuleWidget="SettlementNameplateCapsuleWidget" SettlementNameplateInspectedWidget="SettlementNameplateCapsuleWidget\InspectedWidget" SettlementNameTextWidget="SettlementNameplateCapsuleWidget\SettlementNameTextWidget" SettlementPartiesGridWidget="PartiesInSettlementGridWidget" WidgetToShow="SettlementNameplateCapsuleWidget\TrackButton" SettlementNameplateQuestWidget="SettlementNameplateCapsuleWidget\QuestTypeWidget" SettlementNameplateIssueWidget="SettlementNameplateCapsuleWidget\IssueTypeWidget" IssueType="@IssueType" QuestType="@MainQuestType" MapEventVisualWidget="MapEventVisualWidget">
          <Children>

            <ButtonWidget Id="SettlementNameplateCapsuleWidget" WidthSizePolicy="CoverChildren" HeightSizePolicy="Fixed" SuggestedWidth="!Small.Width" SuggestedHeight="!Small.Height" Command.AlternateClick="ExecuteOpenEncyclopedia" Command.Click="ExecuteSetCameraPosition">
              <Children>

                <BrushWidget Id="QuestTypeWidget" WidthSizePolicy="Fixed" HeightSizePolicy="Fixed" SuggestedHeight="41" SuggestedWidth="25" Brush="NameMarker.QuestBrush" VerticalAlignment="Center" PositionXOffset="-66"/>
                <BrushWidget Id="IssueTypeWidget" WidthSizePolicy="Fixed" HeightSizePolicy="Fixed" SuggestedHeight="41" SuggestedWidth="25" Brush="NameMarker.IssueBrush" VerticalAlignment="Center" PositionXOffset="-46"/>

                <!--Inspected Range Dot-->
                <Widget Id="InspectedWidget" WidthSizePolicy="Fixed" HeightSizePolicy="Fixed" SuggestedWidth="26" SuggestedHeight="20" VerticalAlignment="Center" PositionXOffset="-26" Sprite="Nameplates\nameplate_vision" AlphaFactor="0.5" Color="#DDCDB3FF" IsEnabled="false" />

                <RichTextWidget Id="SettlementNameTextWidget" WidthSizePolicy="CoverChildren" HeightSizePolicy="StretchToParent" MarginLeft="45" MarginRight="!Small.TrackerTextMargin" MarginBottom="5" Brush="GameMenu.Text" Brush.FontSize="17" Brush.TextHorizontalAlignment="Left" IsDisabled="true" Text="@Name" MinWidth="88"/>

                <MaskedTextureWidget Id="SettlementBannerWidget" DataSource="{Banner}" WidthSizePolicy="Fixed" HeightSizePolicy="Fixed" SuggestedWidth="!Small.BannerWidth" SuggestedHeight="!Small.BannerHeight" HorizontalAlignment="Left" VerticalAlignment="Center" MarginLeft="6" Brush="Nameplate.FlatBanner.Small" AdditionalArgs="@AdditionalArgs" ImageId="@Id" ImageTypeCode="@ImageTypeCode" IsDisabled="true" OverlayTextureScale="2.1" PositionYOffset="5"/>

                <ButtonWidget Id="TrackButton" WidthSizePolicy="Fixed" HeightSizePolicy="Fixed" SuggestedWidth="!Small.TrackerWidthHeight" SuggestedHeight="!Small.TrackerWidthHeight" HorizontalAlignment="Right" VerticalAlignment="Center" MarginRight="6" Sprite="Nameplates\hover_ring" Command.Click="ExecuteTrack">
                  <Children>
                    <TutorialHighlightItemWidget WidthSizePolicy="StretchToParent" HeightSizePolicy="StretchToParent" Brush="TutorialHighlightBrush" IsEnabled="false" IsHighlightEnabled="@IsTrackerHighlightEnabled" IsVisible="false" />
                  </Children>
                </ButtonWidget>

                <Widget WidthSizePolicy="Fixed" HeightSizePolicy="Fixed" SuggestedWidth="!Small.TrackerWidthHeight" SuggestedHeight="!Small.TrackerWidthHeight" HorizontalAlignment="Right" VerticalAlignment="Center" MarginRight="6" Sprite="Nameplates\tracked_ring" ColorFactor="10" IsDisabled="true" IsVisible="@IsTracked" />

              </Children>
            </ButtonWidget>

            <!--Map Event Visual-->
            <MapEventVisualWidget Id="MapEventVisualWidget" WidthSizePolicy="Fixed" HeightSizePolicy="Fixed" SuggestedWidth="!MapEvent.Visual.Width" SuggestedHeight="!MapEvent.Visual.Height" HorizontalAlignment="Center" VerticalAlignment="Top" PositionYOffset="-106" Brush="MapEvent.Visual.Brush" MapEventType="@MapEventVisualType" IsEnabled="false"/>

			  <!-- SettlementIcons Begin -->
			  <GridWidget Id="NotificationsGridWidget" DataSource="{Notifications}" WidthSizePolicy="CoverChildren" HeightSizePolicy="Fixed" SuggestedHeight="50" PositionXOffset="40" PositionYOffset="-15" DefaultCellWidth="20" DefaultCellHeight="20" ColumnCount="7" LayoutImp="GridLayout">
				  <ItemTemplate>
					  <Widget WidthSizePolicy="Fixed" HeightSizePolicy="Fixed" SuggestedWidth="20" SuggestedHeight="20" HorizontalAlignment="Center">
						  <Children>
							  <Widget WidthSizePolicy="StretchToParent" HeightSizePolicy="StretchToParent" IsHidden="true" IsVisible="@IsPossibleNobleTroops">
								  <Children>
									  <Widget WidthSizePolicy="Fixed" HeightSizePolicy="Fixed" SuggestedWidth="20" SuggestedHeight="20" HorizontalAlignment="Center" VerticalAlignment="Center" Sprite="SPScoreboard\leader_crown_icon" />
								  </Children>
							  </Widget>

							  <Widget WidthSizePolicy="StretchToParent" HeightSizePolicy="StretchToParent" IsHidden="true" IsVisible="@IsQuestAvailable">
								  <Children>
									  <Widget WidthSizePolicy="Fixed" HeightSizePolicy="Fixed" SuggestedWidth="20" SuggestedHeight="15" HorizontalAlignment="Center" VerticalAlignment="Center" Sprite="Icons\icon_issue_available_square" />
								  </Children>
							  </Widget>

							  <Widget WidthSizePolicy="StretchToParent" HeightSizePolicy="StretchToParent" IsHidden="true" IsVisible="@IsClay">
								  <Children>
									  <Widget WidthSizePolicy="Fixed" HeightSizePolicy="Fixed" SuggestedWidth="20" SuggestedHeight="15" HorizontalAlignment="Center" VerticalAlignment="Center" Sprite="snp_clay" />
								  </Children>
							  </Widget>

							  <Widget WidthSizePolicy="StretchToParent" HeightSizePolicy="StretchToParent" IsHidden="true" IsVisible="@IsFlax">
								  <Children>
									  <Widget WidthSizePolicy="Fixed" HeightSizePolicy="Fixed" SuggestedWidth="20" SuggestedHeight="15" HorizontalAlignment="Center" VerticalAlignment="Center" Sprite="snp_flax" />
								  </Children>
							  </Widget>

							  <Widget WidthSizePolicy="StretchToParent" HeightSizePolicy="StretchToParent" IsHidden="true" IsVisible="@IsGrain">
								  <Children>
									  <Widget WidthSizePolicy="Fixed" HeightSizePolicy="Fixed" SuggestedWidth="20" SuggestedHeight="15" HorizontalAlignment="Center" VerticalAlignment="Center" Sprite="snp_grain" />
								  </Children>
							  </Widget>

							  <Widget WidthSizePolicy="StretchToParent" HeightSizePolicy="StretchToParent" IsHidden="true" IsVisible="@IsGrape">
								  <Children>
									  <Widget WidthSizePolicy="Fixed" HeightSizePolicy="Fixed" SuggestedWidth="20" SuggestedHeight="15" HorizontalAlignment="Center" VerticalAlignment="Center" Sprite="snp_grapes" />
								  </Children>
							  </Widget>

							  <Widget WidthSizePolicy="StretchToParent" HeightSizePolicy="StretchToParent" IsHidden="true" IsVisible="@IsHardwood">
								  <Children>
									  <Widget WidthSizePolicy="Fixed" HeightSizePolicy="Fixed" SuggestedWidth="20" SuggestedHeight="15" HorizontalAlignment="Center" VerticalAlignment="Center" Sprite="snp_hardwood" />
								  </Children>
							  </Widget>

							  <Widget WidthSizePolicy="StretchToParent" HeightSizePolicy="StretchToParent" IsHidden="true" IsVisible="@IsHide">
								  <Children>
									  <Widget WidthSizePolicy="Fixed" HeightSizePolicy="Fixed" SuggestedWidth="20" SuggestedHeight="15" HorizontalAlignment="Center" VerticalAlignment="Center" Sprite="snp_hide" />
								  </Children>
							  </Widget>

							  <Widget WidthSizePolicy="StretchToParent" HeightSizePolicy="StretchToParent" IsHidden="true" IsVisible="@IsHorse">
								  <Children>
									  <Widget WidthSizePolicy="Fixed" HeightSizePolicy="Fixed" SuggestedWidth="20" SuggestedHeight="15" HorizontalAlignment="Center" VerticalAlignment="Center" Sprite="snp_horse" />
								  </Children>
							  </Widget>

							  <Widget WidthSizePolicy="StretchToParent" HeightSizePolicy="StretchToParent" IsHidden="true" IsVisible="@IsIron">
								  <Children>
									  <Widget WidthSizePolicy="Fixed" HeightSizePolicy="Fixed" SuggestedWidth="20" SuggestedHeight="15" HorizontalAlignment="Center" VerticalAlignment="Center" Sprite="snp_iron" />
								  </Children>
							  </Widget>

							  <Widget WidthSizePolicy="StretchToParent" HeightSizePolicy="StretchToParent" IsHidden="true" IsVisible="@IsLeather">
								  <Children>
									  <Widget WidthSizePolicy="Fixed" HeightSizePolicy="Fixed" SuggestedWidth="20" SuggestedHeight="15" HorizontalAlignment="Center" VerticalAlignment="Center" Sprite="snp_hide" />
								  </Children>
							  </Widget>

							  <Widget WidthSizePolicy="StretchToParent" HeightSizePolicy="StretchToParent" IsHidden="true" IsVisible="@IsOlive">
								  <Children>
									  <Widget WidthSizePolicy="Fixed" HeightSizePolicy="Fixed" SuggestedWidth="20" SuggestedHeight="15" HorizontalAlignment="Center" VerticalAlignment="Center" Sprite="snp_olive" />
								  </Children>
							  </Widget>

							  <Widget WidthSizePolicy="StretchToParent" HeightSizePolicy="StretchToParent" IsHidden="true" IsVisible="@IsSilk">
								  <Children>
									  <Widget WidthSizePolicy="Fixed" HeightSizePolicy="Fixed" SuggestedWidth="20" SuggestedHeight="15" HorizontalAlignment="Center" VerticalAlignment="Center" Sprite="snp_silk" />
								  </Children>
							  </Widget>

							  <Widget WidthSizePolicy="StretchToParent" HeightSizePolicy="StretchToParent" IsHidden="true" IsVisible="@IsWool">
								  <Children>
									  <Widget WidthSizePolicy="Fixed" HeightSizePolicy="Fixed" SuggestedWidth="20" SuggestedHeight="15" HorizontalAlignment="Center" VerticalAlignment="Center" Sprite="snp_wool" />
								  </Children>
							  </Widget>

							  <Widget WidthSizePolicy="StretchToParent" HeightSizePolicy="StretchToParent" IsHidden="true" IsVisible="@IsSilver">
								  <Children>
									  <Widget WidthSizePolicy="Fixed" HeightSizePolicy="Fixed" SuggestedWidth="20" SuggestedHeight="15" HorizontalAlignment="Center" VerticalAlignment="Center" Sprite="snp_silver" />
								  </Children>
							  </Widget>

							  <Widget WidthSizePolicy="StretchToParent" HeightSizePolicy="StretchToParent" IsHidden="true" IsVisible="@IsDate">
								  <Children>
									  <Widget WidthSizePolicy="Fixed" HeightSizePolicy="Fixed" SuggestedWidth="20" SuggestedHeight="15" HorizontalAlignment="Center" VerticalAlignment="Center" Sprite="snp_date" />
								  </Children>
							  </Widget>

							  <Widget WidthSizePolicy="StretchToParent" HeightSizePolicy="StretchToParent" IsHidden="true" IsVisible="@IsSalt">
								  <Children>
									  <Widget WidthSizePolicy="Fixed" HeightSizePolicy="Fixed" SuggestedWidth="20" SuggestedHeight="15" HorizontalAlignment="Center" VerticalAlignment="Center" Sprite="snp_salt" />
								  </Children>
							  </Widget>

							  <Widget WidthSizePolicy="StretchToParent" HeightSizePolicy="StretchToParent" IsHidden="true" IsVisible="@IsSwine">
								  <Children>
									  <Widget WidthSizePolicy="Fixed" HeightSizePolicy="Fixed" SuggestedWidth="20" SuggestedHeight="15" HorizontalAlignment="Center" VerticalAlignment="Center" Sprite="snp_swine" />
								  </Children>
							  </Widget>

							  <Widget WidthSizePolicy="StretchToParent" HeightSizePolicy="StretchToParent" IsHidden="true" IsVisible="@IsFish">
								  <Children>
									  <Widget WidthSizePolicy="Fixed" HeightSizePolicy="Fixed" SuggestedWidth="20" SuggestedHeight="15" HorizontalAlignment="Center" VerticalAlignment="Center" Sprite="snp_fish" />
								  </Children>
							  </Widget>

							  <Widget WidthSizePolicy="StretchToParent" HeightSizePolicy="StretchToParent" IsHidden="true" IsVisible="@IsCattle">
								  <Children>
									  <Widget WidthSizePolicy="Fixed" HeightSizePolicy="Fixed" SuggestedWidth="20" SuggestedHeight="15" HorizontalAlignment="Center" VerticalAlignment="Center" Sprite="snp_cow" />
								  </Children>
							  </Widget>
						  </Children>
					  </Widget>
				  </ItemTemplate>
			  </GridWidget>
			  <!-- SettlementIcons End -->
			  
            <GridWidget Id="PartiesInSettlementGridWidget" DataSource="{SettlementParties\PartiesInSettlement}" WidthSizePolicy="CoverChildren" HeightSizePolicy="Fixed" SuggestedHeight="50" PositionXOffset="40" PositionYOffset="28" DefaultCellWidth="36" DefaultCellHeight="32" ColumnCount="5" LayoutImp="GridLayout">
              <ItemTemplate>
                <Widget WidthSizePolicy="Fixed" HeightSizePolicy="Fixed" SuggestedWidth="26" SuggestedHeight="26" HorizontalAlignment="Center" Sprite="StdAssets\rectangle_card">
                  <Children>
                    <Widget WidthSizePolicy="StretchToParent" HeightSizePolicy="StretchToParent" IsHidden="true" IsVisible="@IsDefault">
                      <Children>
                        <Widget WidthSizePolicy="Fixed" HeightSizePolicy="Fixed" SuggestedWidth="21.6" SuggestedHeight="18.22" HorizontalAlignment="Center" VerticalAlignment="Center" Sprite="Icons\Militia" />
                      </Children>
                    </Widget>

                    <Widget WidthSizePolicy="StretchToParent" HeightSizePolicy="StretchToParent" IsHidden="true" IsVisible="@IsCaravan">
                      <Children>
                        <Widget WidthSizePolicy="Fixed" HeightSizePolicy="Fixed" SuggestedWidth="21.6" SuggestedHeight="21.6" HorizontalAlignment="Center" VerticalAlignment="Center" Sprite="Icons\Coin@2x" />
                      </Children>
                    </Widget>

                    <Widget WidthSizePolicy="StretchToParent" HeightSizePolicy="StretchToParent" IsHidden="true" IsVisible="@IsLord">
                      <Children>
                        <MaskedTextureWidget DataSource="{Visual}" WidthSizePolicy="Fixed" HeightSizePolicy="Fixed" SuggestedWidth="21" SuggestedHeight="16" HorizontalAlignment="Center" VerticalAlignment="Center" Brush="Settlement.Party.Banner" AdditionalArgs="@AdditionalArgs" ImageId="@Id" ImageTypeCode="@ImageTypeCode" OverlayTextureScale="3" />
                      </Children>
                    </Widget>
                  </Children>
                </Widget>
              </ItemTemplate>
            </GridWidget>

          </Children>
        </SettlementNameplateItemWidget>

      </Children>
    </SettlementNameplateWidget>
  </Window>
</Prefab>
