<?xml version="1.0" encoding="UTF-8"?>
<SpriteData>
	<SpriteCategories>
		<SpriteCategory>
			<Name>ui_custom</Name>
			<SpriteSheetCount>1</SpriteSheetCount>
			<SpriteSheetSize ID="1" Width="256" Height="256"/>
		</SpriteCategory>
	</SpriteCategories>
	<SpriteParts>
		<SpritePart>
			<Name>snp_clay</Name>
			<SheetID>1</SheetID>
			<Width>34</Width>
			<Height>25</Height>
			<SheetX>0</SheetX>
			<SheetY>0</SheetY>
			<CategoryName>ui_custom</CategoryName>
		</SpritePart>
		<SpritePart>
			<Name>snp_cow</Name>
			<SheetID>1</SheetID>
			<Width>34</Width>
			<Height>25</Height>
			<SheetX>37</SheetX>
			<SheetY>0</SheetY>
			<CategoryName>ui_custom</CategoryName>
		</SpritePart>
		<SpritePart>
			<Name>snp_flax</Name>
			<SheetID>1</SheetID>
			<Width>34</Width>
			<Height>25</Height>
			<SheetX>68</SheetX>
			<SheetY>0</SheetY>
			<CategoryName>ui_custom</CategoryName>
		</SpritePart>
		<SpritePart>
			<Name>snp_grain</Name>
			<SheetID>1</SheetID>
			<Width>35</Width>
			<Height>26</Height>
			<SheetX>94</SheetX>
			<SheetY>0</SheetY>
			<CategoryName>ui_custom</CategoryName>
		</SpritePart>
		<SpritePart>
			<Name>snp_grapes</Name>
			<SheetID>1</SheetID>
			<Width>34</Width>
			<Height>25</Height>
			<SheetX>124</SheetX>
			<SheetY>0</SheetY>
			<CategoryName>ui_custom</CategoryName>
		</SpritePart>
		<SpritePart>
			<Name>snp_hardwood</Name>
			<SheetID>1</SheetID>
			<Width>34</Width>
			<Height>26</Height>
			<SheetX>153</SheetX>
			<SheetY>0</SheetY>
			<CategoryName>ui_custom</CategoryName>
		</SpritePart>
		<SpritePart>
			<Name>snp_hide</Name>
			<SheetID>1</SheetID>
			<Width>34</Width>
			<Height>25</Height>
			<SheetX>185</SheetX>
			<SheetY>0</SheetY>
			<CategoryName>ui_custom</CategoryName>
		</SpritePart>
		<SpritePart>
			<Name>snp_horse</Name>
			<SheetID>1</SheetID>
			<Width>34</Width>
			<Height>26</Height>
			<SheetX>217</SheetX>
			<SheetY>0</SheetY>
			<CategoryName>ui_custom</CategoryName>
		</SpritePart>
		<SpritePart>
			<Name>snp_iron</Name>
			<SheetID>1</SheetID>
			<Width>34</Width>
			<Height>26</Height>
			<SheetX>0</SheetX>
			<SheetY>27</SheetY>
			<CategoryName>ui_custom</CategoryName>
		</SpritePart>
		<SpritePart>
			<Name>snp_olive</Name>
			<SheetID>1</SheetID>
			<Width>34</Width>
			<Height>25</Height>
			<SheetX>40</SheetX>
			<SheetY>27</SheetY>
			<CategoryName>ui_custom</CategoryName>
		</SpritePart>
		<SpritePart>
			<Name>snp_silk</Name>
			<SheetID>1</SheetID>
			<Width>35</Width>
			<Height>26</Height>
			<SheetX>73</SheetX>
			<SheetY>27</SheetY>
			<CategoryName>ui_custom</CategoryName>
		</SpritePart>
		<SpritePart>
			<Name>snp_silver</Name>
			<SheetID>1</SheetID>
			<Width>34</Width>
			<Height>26</Height>
			<SheetX>108</SheetX>
			<SheetY>27</SheetY>
			<CategoryName>ui_custom</CategoryName>
		</SpritePart>
		<SpritePart>
			<Name>snp_wool</Name>
			<SheetID>1</SheetID>
			<Width>34</Width>
			<Height>25</Height>
			<SheetX>143</SheetX>
			<SheetY>27</SheetY>
			<CategoryName>ui_custom</CategoryName>
		</SpritePart>
		<SpritePart>
			<Name>snp_fish</Name>
			<SheetID>1</SheetID>
			<Width>34</Width>
			<Height>25</Height>
			<SheetX>32</SheetX>
			<SheetY>57</SheetY>
			<CategoryName>ui_custom</CategoryName>
		</SpritePart>
		<SpritePart>
			<Name>snp_date</Name>
			<SheetID>1</SheetID>
			<Width>34</Width>
			<Height>25</Height>
			<SheetX>0</SheetX>
			<SheetY>57</SheetY>
			<CategoryName>ui_custom</CategoryName>
		</SpritePart>
		<SpritePart>
			<Name>snp_swine</Name>
			<SheetID>1</SheetID>
			<Width>34</Width>
			<Height>25</Height>
			<SheetX>214</SheetX>
			<SheetY>28</SheetY>
			<CategoryName>ui_custom</CategoryName>
		</SpritePart>
		<SpritePart>
			<Name>snp_salt</Name>
			<SheetID>1</SheetID>
			<Width>34</Width>
			<Height>25</Height>
			<SheetX>178</SheetX>
			<SheetY>29</SheetY>
			<CategoryName>ui_custom</CategoryName>
		</SpritePart>
	</SpriteParts>
	<Sprites>
		<GenericSprite>
			<Name>snp_clay</Name>
			<SpritePartName>snp_clay</SpritePartName>
		</GenericSprite>
		<GenericSprite>
			<Name>snp_cow</Name>
			<SpritePartName>snp_cow</SpritePartName>
		</GenericSprite>
		<GenericSprite>
			<Name>snp_flax</Name>
			<SpritePartName>snp_flax</SpritePartName>
		</GenericSprite>
		<GenericSprite>
			<Name>snp_grain</Name>
			<SpritePartName>snp_grain</SpritePartName>
		</GenericSprite>
		<GenericSprite>
			<Name>snp_grapes</Name>
			<SpritePartName>snp_grapes</SpritePartName>
		</GenericSprite>
		<GenericSprite>
			<Name>snp_hardwood</Name>
			<SpritePartName>snp_hardwood</SpritePartName>
		</GenericSprite>
		<GenericSprite>
			<Name>snp_hide</Name>
			<SpritePartName>snp_hide</SpritePartName>
		</GenericSprite>
		<GenericSprite>
			<Name>snp_horse</Name>
			<SpritePartName>snp_horse</SpritePartName>
		</GenericSprite>
		<GenericSprite>
			<Name>snp_iron</Name>
			<SpritePartName>snp_iron</SpritePartName>
		</GenericSprite>
		<GenericSprite>
			<Name>snp_olive</Name>
			<SpritePartName>snp_olive</SpritePartName>
		</GenericSprite>
		<GenericSprite>
			<Name>snp_silk</Name>
			<SpritePartName>snp_silk</SpritePartName>
		</GenericSprite>
		<GenericSprite>
			<Name>snp_silver</Name>
			<SpritePartName>snp_silver</SpritePartName>
		</GenericSprite>
		<GenericSprite>
			<Name>snp_wool</Name>
			<SpritePartName>snp_wool</SpritePartName>
		</GenericSprite>
		<GenericSprite>
			<Name>snp_fish</Name>
			<SpritePartName>snp_fish</SpritePartName>
		</GenericSprite>
		<GenericSprite>
			<Name>snp_date</Name>
			<SpritePartName>snp_date</SpritePartName>
		</GenericSprite>
		<GenericSprite>
			<Name>snp_swine</Name>
			<SpritePartName>snp_swine</SpritePartName>
		</GenericSprite>
		<GenericSprite>
			<Name>snp_salt</Name>
			<SpritePartName>snp_salt</SpritePartName>
		</GenericSprite>
	</Sprites>
</SpriteData>